timestamp,dis1,dis2,dis3,vel1,vel2,vel3
0,7022.47,-1400.08,0.0399516,1.89384,6.40589,4.53481
10,6840.71,2470.15,2562.23,-2.32533,6.12431,3.78296
20,4552.15,5634.79,4371.18,-5.005,4.27023,2.18403
30,1165.78,7506.83,5168.58,-6.04276,1.95641,0.497059
40,-2459.23,8007.42,5016.42,-5.87488,-0.244576,-0.952723
50,-5720.34,7279.46,4091.11,-4.88016,-2.1188,-2.07258
60,-8198.27,5546.9,2599.07,-3.29408,-3.58292,-2.8381
70,-9583.12,3075.29,760.08,-1.25517,-4.56901,-3.22227
80,-9634.53,181.34,-1181.03,1.13224,-4.96646,-3.16506
90,-8184.2,-2728.91,-2929.43,3.71435,-4.58277,-2.55852
100,-5206.4,-5105.11,-4113.22,6.1353,-3.13445,-1.26143
110,-1011.83,-6227.97,-4293.56,7.58516,-0.394018,0.767947
120,3440.26,-5392.72,-3130.05,6.77978,3.21944,3.07393
130,6557.51,-2528.08,-792.431,3.24423,6.01369,4.4592
140,7152.19,1332.68,1866.36,-1.1907,6.43873,4.13672
150,5388.57,4805.66,3943.54,-4.39625,4.92029,2.68261
160,2225.59,7092.63,5036.46,-5.88301,2.65821,0.966755
170,-1402.84,7996.94,5141.38,-6.02582,0.388104,-0.569942
180,-4822.18,7616.46,4416.26,-5.24426,-1.59725,-1.78897
190,-7567.64,6158.64,3063.91,-3.81463,-3.19157,-2.657
200,-9303.14,3877.54,1300.82,-1.89872,-4.33006,-3.15277
210,-9770.38,1071.9,-637.172,0.395705,-4.91985,-3.22897
220,-8777.19,-1884.31,-2473.06,2.94108,-4.79664,-2.79345
230,-6242.92,-4490,-3860.45,5.46479,-3.70086,-1.71069
240,-2348.45,-6072.67,-4375.09,7.32188,-1.35238,0.116466
250,2171.47,-5879.34,-3616.58,7.32005,2.11865,2.4344
260,5857.07,-3564.28,-1558.08,4.51288,5.38687,4.22471
270,7249.18,153.43,1116.11,0.0692319,6.57286,4.39455
280,6102.59,3863.8,3430.03,-3.62905,5.50873,3.16534
290,3246.93,6551.14,4821.38,-5.60513,3.36367,1.45558
300,-326.336,7869.92,5198.2,-6.09732,1.04862,-0.159215
310,-3864.15,7856.45,4690.44,-5.55303,-1.03967,-1.47654
320,-6848.33,6696.47,3495.19,-4.29324,-2.75919,-2.44644
330,-8911.9,4632.6,1826.55,-2.50856,-4.04229,-3.05036
340,-9777.33,1948.47,-86.4296,-0.316597,-4.80991,-3.25197
350,-9232.22,-1009.03,-1981.58,2.1704,-4.92335,-2.97453
360,-7154.03,-3783.18,-3536.19,4.74189,-4.15182,-2.09394
370,-3621.76,-5754.17,-4347.64,6.89471,-2.19962,-0.48466
380,831.029,-6165.29,-3987.12,7.59121,1.00613,1.75355
390,4942.83,-4468.38,-2269.39,5.62362,4.5537,3.83898
400,7112.77,-1031.85,330.643,1.41066,6.49271,4.52907
410,6665.36,2823.01,2834.76,-2.69955,6.00386,3.61327
420,4207.51,5882.76,4520.29,-5.19537,4.0589,1.95737
430,755.327,7621.63,5182.03,-6.07931,1.73233,0.278512
440,-2856.49,7993.05,4908.69,-5.80069,-0.447715,-1.13512
450,-6048.04,7153.13,3887.96,-4.7268,-2.28731,-2.20669
460,-8415.62,5331.95,2331.83,-3.08256,-3.70853,-2.91639
470,-9660.1,2800.18,464.506,-1.00137,-4.6419,-3.23698
480,-9550.72,-117.997,-1463.89,1.4109,-4.97109,-3.10613
490,-7932.58,-3004.78,-3151.81,3.98818,-4.4952,-2.414
500,-4806.09,-5293.53,-4221.22,6.34282,-2.92637,-1.02526
510,-534.203,-6253.43,-4237.83,7.61246,-0.0648899,1.06715
520,3849.09,-5207.2,-2901.55,6.51419,3.56351,3.3247
530,6733.56,-2182.16,-466.335,2.77155,6.17629,4.51774
540,7048.06,1703.27,2165.6,-1.61365,6.36905,4.00288
550,5082.56,5090.8,4131.48,-4.64042,4.72535,2.46299
560,1825.23,7248.33,5088.19,-5.96026,2.43271,0.741371
570,-1810.63,8020.17,5065.95,-5.98032,0.176472,-0.764606
580,-5175.05,7521.62,4237.26,-5.11156,-1.77731,-1.93777
590,-7820.86,5967.54,2811.44,-3.61848,-3.33111,-2.75184
600,-9423.9,3617.01,1009.41,-1.65595,-4.42023,-3.1864
610,-9735.42,775.263,-928.156,0.668956,-4.94719,-3.19222
620,-8574.83,-2173.42,-2718.01,3.22035,-4.73987,-2.67481
630,-5882.48,-4712.73,-4007.03,5.70087,-3.53154,-1.50087
640,-1882.3,-6155.03,-4370.59,7.41721,-1.05508,0.403874
650,2619.35,-5757.8,-3434.87,7.14604,2.47844,2.71569
660,6114.65,-3254.17,-1247.92,4.07682,5.62087,4.34819
670,7224.13,531.517,1434.93,-0.391401,6.5654,4.30702
680,5845.05,4182.41,3655.09,-3.92912,5.33895,2.95953
690,2864.28,6747.71,4912.42,-5.7273,3.14058,1.22611
700,-739.3,7932.19,5157.15,-6.08367,0.829961,-0.365144
710,-4238.35,7795.15,4538.08,-5.443,-1.23056,-1.63953
720,-7134.59,6531.69,3260.27,-4.11379,-2.91192,-2.55733
730,-9074.36,4389.66,1542.45,-2.27805,-4.14857,-3.10213
740,-9790.04,1658.47,-381.83,-0.0506801,-4.85807,-3.23632
750,-9079.62,-1306.05,-2244.7,2.45104,-4.89471,-2.88067
760,-6837.68,-4033.37,-3716.66,4.99786,-4.01938,-1.91102
770,-3178.04,-5887.15,-4391.57,7.04514,-1.93949,-0.21586
780,1301.51,-6108.85,-3856.2,7.50784,1.36269,2.05066
790,5273.1,-4206.1,-1986.21,5.24849,4.84738,4.02239
800,7172.12,-658.423,660.101,0.929441,6.55661,4.49745
810,6466.28,3169.64,3093.92,-3.05516,5.86969,3.42963
820,3850.93,6119.36,4651.15,-5.36671,3.84329,1.72749
830,343.121,7724.08,5177.25,-6.10107,1.50861,0.0626517
840,-3247.85,7967.2,4785.36,-5.71564,-0.648578,-1.31174
850,-6364.26,7017.01,3673.29,-4.56555,-2.45255,-2.33315
860,-8617.48,5109.43,2058.08,-2.86553,-3.82992,-2.98566
870,-9718.98,2520.43,168.205,-0.744389,-4.70923,-3.24146
880,-9447.75,-418.074,-1741.01,1.68969,-4.9681,-3.03589
890,-7663.12,-3276,-3361.47,4.25702,-4.39716,-2.25773
900,-4393.48,-5470.2,-4309.84,6.53603,-2.70553,-0.779397
910,-56.7593,-6260.1,-4159.19,7.61232,0.273107,1.36684
920,4239.34,-5002.09,-2655.04,6.21855,3.89942,3.55787
930,6879.06,-1826.85,-136.703,2.29234,6.31606,4.54904
940,6917.11,2070.46,2454.24,-2.02073,6.28214,3.85114
950,4761.16,5365.54,4301.9,-4.86473,4.52379,2.23757
960,1420.4,7391.7,5121.31,-6.02136,2.20655,0.517382
970,-2214.5,8031.53,4973.98,-5.9229,-0.0333172,-0.954173
980,-5517.87,7416.39,4045.45,-4.97019,-1.95438,-2.07936
990,-8059.62,5768.11,2550.95,-3.41617,-3.46674,-2.83802
1000,-9527.2,3350.84,715.564,-1.40931,-4.5053,-3.21013
1010,-9681.45,476.556,-1215.3,0.943347,-4.96762,-3.14447
1020,-8353.94,-2459.69,-2952.26,3.49647,-4.67351,-2.54445
1030,-5507.53,-4925.98,-4136.05,5.92598,-3.34984,-1.28034
1040,-1411.79,-6220.42,-4343.62,7.48904,-0.746479,0.695511
1050,3054.23,-5615.74,-3232.57,6.94018,2.83635,2.98503
1060,6343.65,-2930.67,-929.461,3.62542,5.83438,4.44501
1070,7169.8,909.635,1746.61,-0.840783,6.53751,4.19772
1080,5568.54,4492.07,3863.88,-4.20911,5.15972,2.74485
1090,2474.17,6932.16,4984.73,-5.83199,2.9155,0.996437
1100,-1150.56,7982.27,5098.74,-6.05694,0.612599,-0.566784
1110,-4604.12,7722.92,4371.71,-5.32344,-1.41874,-1.7958
1120,-7407.53,6357.88,3015.89,-3.92752,-3.06103,-2.65992
1130,-9220.11,4140.17,1254.26,-2.04303,-4.25016,-3.14435
1140,-9784.04,1365.18,-675.249,0.217255,-4.89994,-3.20999
1150,-8908.11,-1601.89,-2499.14,2.73004,-4.85735,-2.77526
1160,-6505.15,-4276.27,-3881.5,5.24568,-3.87527,-1.71681
1170,-2726.17,-6005.33,-4414.07,7.17617,-1.66682,0.0599354
1180,1764.65,-6032.05,-3703.11,7.39339,1.7229,2.34141
1190,5578.28,-3927.06,-1690.26,4.85026,5.12505,4.18179
1200,7200.74,-281.026,986.513,0.452894,6.59787,4.44082
1210,6244.72,3509.33,3338.63,-3.39147,5.72279,3.23354
1220,3483.69,6344.33,4763.43,-5.51931,3.62398,1.49544
1230,-69.788,7814.15,5154.42,-6.10847,1.28547,-0.149894
1240,-3632.52,7929.94,4646.92,-5.62012,-0.847069,-1.48218
1250,-6668.42,6871.21,3447.76,-4.39675,-2.61443,-2.4517
1260,-8803.49,4879.53,1778.63,-2.64334,-3.94698,-3.04571
1270,-9759.59,2236.27,-127.911,-0.484616,-4.77081,-3.23557
1280,-9325.73,-718.497,-2011.41,1.9681,-4.95719,-2.95432
1290,-7376.29,-3541.96,-3557.49,4.52007,-4.2883,-2.08991
1300,-3969.63,-5634.38,-4378.45,6.71373,-2.47181,-0.52462
1310,418.673,-6247.44,-4057.75,7.58373,0.619018,1.66518
1320,4609.17,-4777.81,-2391.92,5.89426,4.22524,3.77143
1330,6993.72,-1463.36,194.464,1.80962,6.43266,4.55332
1340,6760.39,2433.33,2730.91,-2.41067,6.17897,3.68302
1350,4425.68,5629.52,4454.31,-5.06931,4.31634,2.00756
1360,1012.22,7522.63,5135.89,-6.06677,1.98003,0.295513
1370,-2613.61,8031.04,4865.88,-5.85398,-0.241143,-1.13819
1380,-5850.03,7300.87,3841.48,-4.82051,-2.12836,-2.21345
1390,-8283.5,5560.52,2283.23,-3.20804,-3.59836,-2.91533
1400,-9612.81,3079.25,420.162,-1.15916,-4.58511,-3.22382
1410,-9608.49,176.122,-1497.66,1.21842,-4.98086,-3.08566
1420,-8114.88,-2742.59,-3174.89,3.76875,-4.59724,-2.4025
1430,-5118.94,-5129.05,-4246.74,6.13903,-3.15553,-1.04964
1440,-938.556,-6268.19,-4294.03,7.53611,-0.427125,0.98988
1450,3474.11,-5453.22,-3010.7,6.70293,3.19054,3.24019
1460,6543.23,-2594.87,-604.682,3.16168,6.02637,4.51464
1470,7086.97,1286.71,2049.51,-1.27701,6.48999,4.06804
1480,5274.4,4792.26,4055.66,-4.46889,4.97189,2.52266
1490,2077.83,7104.34,5038.22,-5.9196,2.68884,0.767411
1500,-1559.16,8020.18,5023.29,-6.01755,0.396686,-0.763621
1510,-4960.74,7639.83,4191.92,-5.19474,-1.60412,-1.94501
1520,-7666.68,6175.17,2762.78,-3.73476,-3.20642,-2.75398
1530,-9348.86,3884.33,962.839,-1.80382,-4.34691,-3.17686
1540,-9759.28,1068.91,-965.749,0.486791,-4.93527,-3.17289
1550,-8717.93,-1896.1,-2743.95,3.0068,-4.81095,-2.65834
1560,-6157.15,-4511.21,-4029.86,5.48441,-3.71918,-1.51169
1570,-2267.54,-6107.97,-4414.72,7.2865,-1.38183,0.34156
1580,2218.45,-5934.63,-3528.48,7.24751,2.08525,2.62365
1590,5857.02,-3632.11,-1383.35,4.43144,5.3851,4.31591
1600,7199.02,99.153,1308.03,-0.016455,6.61691,4.36021
1610,6001.95,3841.38,3567.9,-3.70794,5.56411,3.02651
1620,3107.06,6557.46,4856.92,-5.65351,3.40147,1.26221
1630,-482.379,7891.82,5113.79,-6.10198,1.06311,-0.358535
1640,-4009.73,7881.31,4493.89,-5.51453,-1.04309,-1.64607
1650,-6959.99,6715.83,3212.09,-4.22078,-2.77287,-2.56208
1660,-8973.31,4642.4,1494.33,-2.41632,-4.05958,-3.09636
1670,-9781.83,1947.99,-422.921,-0.222432,-4.82644,-3.21922
1680,-9184.8,-1018.85,-2274.16,2.24561,-4.93808,-2.86143
1690,-7072.64,-3802.06,-3738.98,4.77651,-4.16829,-1.91079
1700,-3535.72,-5785.29,-4426.47,6.87468,-2.22517,-0.261803
1710,890.214,-6214.97,-3933.79,7.52582,0.971746,1.96024
1720,4956.86,-4534.87,-2113.72,5.54302,4.53904,3.96352
1730,7077.42,-1092.9,525.183,1.32637,6.52594,4.53108
1740,6579.06,2791.02,2994.36,-2.78243,6.06052,3.50008
1750,4077.45,5882.38,4588.28,-5.25436,4.10364,1.77411
1760,601.794,7641.08,5132.06,-6.09693,1.75343,0.0764514
1770,-3007.12,8018.75,4742.1,-5.77396,-0.446888,-1.31624
1780,-6170.92,7175.14,3626,-4.66289,-2.29917,-2.33975
1790,-8492.11,5344.89,2009.08,-2.99444,-3.72586,-2.98355
1800,-9680.56,2802.47,124.104,-0.905871,-4.65947,-3.22735
1810,-9516.61,-125.669,-1774.29,1.49371,-4.98665,-3.01576
1820,-7858.06,-3021.57,-3384.97,4.03647,-4.51072,-2.24912
1830,-4717.66,-5321.19,-4338.41,6.33891,-2.94841,-0.80942
1840,-464.277,-6297.67,-4221.76,7.55724,-0.0976763,1.28536
1850,3877.07,-5270.41,-2770.44,6.43505,3.53908,3.479
1860,6712.74,-2247.9,-275.591,2.68863,6.19602,4.55682
1870,6976.55,1661.69,2342.12,-1.69839,6.42373,3.91947
1880,4963.97,5082.51,4229.8,-4.70843,4.77627,2.29428
1890,1676.42,7264.12,5072.91,-5.99057,2.46095,0.539835
1900,-1964.2,8045.93,4931.17,-5.96595,0.182371,-0.955173
1910,-5307.56,7545.96,3999.32,-5.05727,-1.78662,-2.08686
1920,-7911.57,5983.68,2501.73,-3.53586,-3.34798,-2.83929
1930,-9460.38,3622.33,669.053,-1.56079,-4.43866,-3.1995
1940,-9715.75,769.979,-1252.39,0.757502,-4.96384,-3.12496
1950,-8509.38,-2188.16,-2978.19,3.2807,-4.7552,-2.53
1960,-5794.45,-4737.49,-4160.97,5.71307,-3.55082,-1.29612
1970,-1803.6,-6194.33,-4393.24,7.37486,-1.08479,0.627732
1980,2660.92,-5816.42,-3333.11,7.07014,2.44807,2.89517
1990,6108.14,-3322.16,-1067.39,3.99474,5.62607,4.42373
2000,7167.5,480.936,1622.9,-0.476271,6.61429,4.25686
2010,5739.28,4165.16,3780.87,-4.0042,5.39459,2.80999
2020,2722.32,6758.51,4931.46,-5.76969,3.17625,1.02874
2030,-893.662,7957.06,5055.64,-6.08204,0.841736,-0.562714
2040,-4378.74,7821.37,4326.81,-5.39927,-1.23655,-1.80306
2050,-7238.45,6550.98,2967,-4.03796,-2.92777,-2.66405
2060,-9126.64,4398.23,1206,-2.18481,-4.16757,-3.13745
2070,-9785.61,1655.86,-715.903,0.0417657,-4.8759,-3.19232
2080,-9025.17,-1318.69,-2528.3,2.52166,-4.91046,-2.75726
2090,-6752.78,-4055.65,-3905.09,5.02548,-4.03679,-1.72069
2100,-3092.97,-5922.18,-4453.41,7.01764,-1.96563,0.00807686
2110,1355.95,-6162.26,-3787.69,7.43787,1.33005,2.24999
2120,5280.81,-4273.89,-1822.09,5.16682,4.83896,4.13247
2130,7130.23,-716.719,853.507,0.845439,6.59593,4.48303
2140,6374.32,3142.71,3243.45,-3.13515,5.92779,3.30388
2150,3717.8,6123.82,4703.48,-5.42016,3.88633,1.53832
2160,190.192,7746.97,5110.01,-6.11233,1.527,-0.139155
2170,-3394.21,7994.69,4603.13,-5.68328,-0.65044,-1.48793
2180,-6479.96,7039.3,3399.69,-4.49769,-2.46672,-2.458
2190,-8685.08,5121.4,1729.31,-2.7757,-3.8491,-3.04253
2200,-9730.29,2520.77,-171.701,-0.649811,-4.7282,-3.22061
2210,-9405.89,-428.43,-2044.23,1.76874,-4.98472,-2.93476
2220,-7583.93,-3296.05,-3581.61,4.29891,-4.41358,-2.0845
2230,-4304.71,-5501.64,-4410.41,6.52447,-2.72831,-0.560397
2240,9.29657,-6308.24,-4126.89,7.55137,0.241072,1.58023
2250,4261.21,-5067.57,-2513.1,6.13762,3.88001,3.69938
2260,6851.7,-1890.96,55.7947,2.20937,6.34269,4.57161
2270,6839.54,2033.59,2623.02,-2.10346,6.33964,3.75356
2280,4638.62,5362.36,4385.78,-4.92782,4.57363,2.06097
2290,1271.12,7411.38,5088.85,-6.04537,2.23218,0.314465
2300,-2364.81,8059.52,4822.81,-5.90258,-0.0302058,-1.14098
2310,-5643.93,7441.38,3794.55,-4.91141,-1.96616,-2.22103
2320,-8141.8,5783.56,2233.5,-3.33116,-3.48562,-2.91565
2330,-9554.45,3354.41,373.794,-1.31429,-4.52525,-3.21216
2340,-9653.47,468.729,-1534.24,1.02895,-4.98538,-3.06617
2350,-8282.79,-2477.57,-3200.95,3.55111,-4.68974,-2.39038
2360,-5417.85,-4954.39,-4274.06,5.93064,-3.36991,-1.07061
2370,-1335.91,-6263.67,-4349.42,7.44001,-0.776118,0.917057
2380,3090.08,-5677.35,-3117.91,6.86146,2.80959,3.15377
2390,6330.63,-2998.23,-744.325,3.54304,5.84665,4.50451
2400,7106.86,863.174,1929.42,-0.924429,6.59069,4.13212
2410,5458.07,4480.07,3976.75,-4.28003,5.21513,2.58543
2420,2330.69,6947.3,4986.98,-5.86828,2.94877,0.795924
2430,-1302.68,8009.86,4980.3,-6.04912,0.62152,-0.761905
2440,-4738.87,7750.19,4146.29,-5.27474,-1.42735,-1.95282
2450,-7503.32,6376.79,2713.25,-3.84865,-3.07904,-2.75738
2460,-9263.21,4147.21,914.532,-1.94917,-4.27082,-3.16884
2470,-9770.88,1360.18,-1005.93,0.307576,-4.91897,-3.15479
2480,-8847.05,-1617.55,-2772.9,2.79571,-4.874,-2.64185
2490,-6417.35,-4302.07,-4055,5.26612,-3.89346,-1.51997
2500,-2642.71,-6044.27,-4458.86,7.14135,-1.69329,0.283938
2510,1813.94,-6088.93,-3620.03,7.31937,1.69255,2.53234
2520,5579.56,-3995.61,-1518.81,4.76792,5.12319,4.27684
2530,7152.42,-336.048,1177.54,0.369535,6.64283,4.41013
2540,6147.43,3487.62,3477.14,-3.46815,5.78177,3.096
2550,3348.03,6353.55,4799.69,-5.56703,3.66496,1.30124
2560,-221.542,7840.24,5069.96,-6.11342,1.30099,-0.350697
2570,-3774.13,7958.91,4449.5,-5.58236,-0.851688,-1.65286
2580,-6776.63,6893.45,3163.27,-4.32527,-2.63093,-2.56795
2590,-8862.09,4890.21,1444.76,-2.55218,-3.96797,-3.09208
2600,-9761.89,2234.39,-466.342,-0.391359,-4.7911,-3.2035
2610,-9276.49,-731.75,-2306.56,2.043,-4.97475,-2.84268
2620,-7293.01,-3565.41,-3763.94,4.55528,-4.30549,-1.9089
2630,-3881.18,-5669.62,-4462.17,6.69456,-2.49512,-0.303384
2640,480.368,-6299.33,-4009.63,7.51751,0.588185,1.87266
2650,4624.77,-4845.07,-2240.14,5.81202,4.21134,3.89938
2660,6959.86,-1525.25,387.463,1.72692,6.46594,4.55933
2670,6677.04,2401.45,2890.88,-2.49098,6.23869,3.5719
2680,4299.69,5631.41,4523.14,-5.1272,4.36468,1.82395
2690,863.039,7546.01,5086.17,-6.08446,2.00285,0.0920152
2700,-2760.12,8060.98,4698.67,-5.82789,-0.240909,-1.32062
2710,-5969.27,7326.19,3578.28,-4.75755,-2.14263,-2.34727
2720,-8356.97,5574.95,1958.92,-3.12101,-3.61921,-2.98288
2730,-9630.9,3080.78,77.9534,-1.06468,-4.60651,-3.21472
2740,-9572.5,165.522,-1810.36,1.30069,-4.99963,-2.99648
2750,-8038.55,-2763.76,-3411.32,3.81736,-4.61422,-2.23962
2760,-5028.27,-5161.17,-4368.46,6.13608,-3.1762,-0.835764
2770,-866.04,-6315.29,-4283.19,7.48076,-0.456325,1.20802
2780,3503.98,-5517.44,-2884,6.62193,3.16794,3.39726
2790,6523.7,-2661.41,-416.162,3.07931,6.04572,4.55782
2800,7017.93,1244.75,2226.02,-1.35902,6.54688,3.98746
2810,5159.66,4785.56,4154.88,-4.5353,5.02659,2.35421
2820,1933.38,7123.66,5023.46,-5.94971,2.71945,0.564593
2830,-1708.5,8050.2,4888.16,-6.00369,0.402638,-0.955618
2840,-5089.43,7667.83,3952.93,-5.14133,-1.61539,-2.09502
2850,-7754.16,6193.36,2451.61,-3.65321,-3.22657,-2.84188
2860,-9382.78,3889.53,620.782,-1.70975,-4.36916,-3.1904
2870,-9737.62,1061.26,-1292.07,0.574587,-4.95541,-3.1066
2880,-8650.72,-1914.95,-3007.04,3.06717,-4.82838,-2.51532
2890,-6067.07,-4540.62,-4187.93,5.49749,-3.73799,-1.30906
2900,-2186.29,-6150.77,-4442.49,7.2446,-1.40833,0.564591
2910,2262.23,-5994.69,-3431.51,7.17001,2.05771,2.80514
2920,5851.81,-3700.83,-1205.73,4.3488,5.39006,4.39542
2930,7144.39,47.8831,1495.46,-0.0988069,6.66702,4.31352
2940,5899.72,3825.04,3694.51,-3.78093,5.62342,2.87795
2950,2969.42,6571.29,4876.72,-5.69534,3.4401,1.06385
2960,-632.394,7920.85,5012.23,-6.1007,1.07562,-0.557603
2970,-4146.13,7911.45,4281.77,-5.4716,-1.05052,-1.81071
2980,-7060.42,6737.69,2917.48,-4.14599,-2.79168,-2.66937
2990,-9022.83,4651.48,1156.28,-2.32421,-4.08232,-3.13206
3000,-9775.28,1943.61,-758.903,-0.130897,-4.84794,-3.17596
3010,-9128.59,-1035.19,-2560.35,2.31598,-4.95646,-2.73956
3020,-6985.86,-3829.02,-3931.12,4.80481,-4.18609,-1.72262
3030,-3448.23,-5824.35,-4493.2,6.84799,-2.24877,-0.0392899
3040,947.095,-6270.4,-3870.32,7.45484,0.942583,2.16071
3050,4966.05,-4603.41,-1953.15,5.45994,4.53108,4.07722
3060,7037.14,-1152.02,717.43,1.24427,6.56554,4.52055
3070,6490.23,2764.36,3144.51,-2.8599,6.12186,3.37611
3080,3948.53,5889.28,4641.55,-5.30683,4.15011,1.58438
3090,453.283,7667.91,5065.07,-6.10834,1.77325,-0.126844
3100,-3149.34,8050.33,4559.26,-5.74231,-0.449606,-1.4937
3110,-6283,7200.45,3351.2,-4.59604,-2.31594,-2.4653
3120,-8556.73,5358,1678.8,-2.90576,-3.74863,-3.04081
3130,-9689.58,2801.68,-217.566,-0.812326,-4.68223,-3.20708
3140,-9472.93,-139.258,-2079.82,1.57226,-5.00631,-2.91591
3150,-7777.09,-3046.17,-3608.43,4.07877,-4.52831,-2.07794
3160,-4626.65,-5357.05,-4443.53,6.32832,-2.96949,-0.592254
3170,-395.666,-6348.49,-4194.58,7.49599,-0.126053,1.49901
3180,3900.73,-5336.81,-2632.6,6.35232,3.52118,3.62355
3190,6686.72,-2312.82,-84.9265,2.6066,6.22235,4.58349
3200,6901.64,1624.57,2511.19,-1.77837,6.48371,3.82445
3210,4845.44,5081.1,4314.71,-4.77004,4.8298,2.11767
3220,1531.59,7287.41,5040.99,-6.01446,2.48867,0.335541
3230,-2110.23,8078.08,4779.66,-5.94621,0.185255,-1.14339
3240,-5429.8,7574.36,3747.39,-4.99944,-1.80057,-2.2294
3250,-7990.56,6000.84,2182.87,-3.45199,-3.37024,-2.91735
3260,-9485.15,3625.41,325.637,-1.46689,-4.46243,-3.202
3270,-9685.85,759.458,-1573.4,0.84238,-4.98496,-3.04771
3280,-8436.52,-2210.36,-3229.83,3.33545,-4.77326,-2.37779
3290,-5702.72,-4770.57,-4303.16,5.71867,-3.57007,-1.08846
3300,-1725.17,-6240.91,-4404.1,7.32616,-1.11102,0.848734
3310,2698.87,-5879.34,-3222.99,6.98974,2.42387,3.06623
3320,6096.41,-3390.47,-884.778,3.91217,5.63799,4.48729
3330,7106.74,433.859,1805.52,-0.557248,6.669,4.19451
3340,5632.52,4154.26,3894.75,-4.07314,5.45369,2.65126
3350,2583.25,6776.8,4934.51,-5.80552,3.21224,0.82709
3360,-1041.39,7988.75,4937.15,-6.07465,0.851096,-0.759336
3370,-4509.5,7852.35,4100.56,-5.35143,-1.24683,-1.96113
3380,-7330.84,6572.14,2663.08,-3.96021,-2.94888,-2.76204
3390,-9167.05,4405.41,864.731,-2.09213,-4.192,-3.16234
3400,-9770.4,1648.74,-1048.47,0.131182,-4.89852,-3.13794
3410,-8962.4,-1338.31,-2804.67,2.58715,-4.92952,-2.62548
3420,-6663.09,-4086.22,-4082.36,5.04668,-4.05504,-1.526
3430,-3007.08,-5965.03,-4503.08,6.98357,-1.98928,0.230879
3440,1407.6,-6220.98,-3709.47,7.36269,1.30304,2.44239
3450,5283.51,-4343.17,-1653.83,5.08333,4.83731,4.2313
3460,7083.65,-772.546,1043.75,0.764255,6.64144,4.4561
3470,6280.35,3121.45,3382.82,-3.20938,5.99015,3.16781
3480,3586.47,6135.62,4740.75,-5.46701,3.93055,1.34336
3490,42.9174,7777,5025.8,-6.1175,1.54366,-0.341482
3500,-3531.67,8027.59,4405.1,-5.64629,-0.656169,-1.65983
3510,-6584.57,7064.27,3114.05,-4.42727,-2.48598,-2.5749
3520,-8740.76,5132.85,1393.99,-2.68574,-3.87374,-3.08928
3530,-9730.37,2517.39,-511.858,-0.557599,-4.75221,-3.18918
3540,-9354.91,-445.207,-2341.7,1.84318,-5.00514,-2.82449
3550,-7498.89,-3324.19,-3791.44,4.33462,-4.43163,-1.90557
3560,-4214,-5541.25,-4498.71,6.50627,-2.74958,-0.340841
3570,73.5031,-6362.62,-4083.75,7.48467,0.213919,1.7883
3580,4278.5,-5135.69,-2365.09,6.05368,3.86729,3.83062
3590,6819.27,-1953.68,247.351,2.12797,6.37581,4.58167
3600,6759.04,2001.6,2783.56,-2.18101,6.40208,3.64472
3610,4516.78,5366.21,4455.75,-4.98436,4.62554,1.87711
3620,1126.46,7438.41,5039.68,-6.06303,2.25681,0.109513
3630,-2507.01,8093.5,4655.27,-5.87714,-0.0304731,-1.32479
3640,-5759.37,7469.84,3530.35,-4.84946,-1.98279,-2.35567
3650,-8212.14,5799.36,1907.84,-3.24533,-3.50994,-2.98362
3660,-9570.13,3355.07,29.9882,-1.22095,-4.55044,-3.20357
3670,-9615.64,455.115,-1849,1.11052,-5.00737,-2.97812
3680,-8204.79,-2503.25,-3440.37,3.59992,-4.70828,-2.22941
3690,-5325.12,-4991.18,-4400.01,5.92867,-3.38942,-0.85871
3700,-1260.86,-6313.93,-4343.57,7.38485,-0.801754,1.13496
3710,3121.94,-5742.75,-2995.48,6.77873,2.78927,3.31347
3720,6312.41,-3065.55,-557.938,3.46086,5.8656,4.55181
3730,7040.18,820.687,2106.06,-1.00366,6.64941,4.05455
3740,5347.2,4474.66,4077.14,-4.34458,5.2735,2.41739
3750,2190.75,6969.86,4973.05,-5.89803,2.98185,0.591838
3760,-1447.58,8043.91,4845.13,-6.03576,0.627624,-0.955394
3770,-4863.57,7781.68,3906.48,-5.22226,-1.4405,-2.10382
3780,-7587.46,6396.9,2400.84,-3.76829,-3.10241,-2.84578
3790,-9294.51,4152.18,570.988,-1.85631,-4.29685,-3.1828
3800,-9747.25,1350.08,-1334.11,0.394482,-4.94258,-3.0894
3810,-8778.2,-1640.6,-3038.63,2.85598,-4.8936,-2.50055
3820,-6325.38,-4336.3,-4216.89,5.28003,-3.91199,-1.31945
3830,-2559.03,-6090.84,-4491.47,7.10013,-1.71672,0.506014
3840,1860,-6150.66,-3527.69,7.24055,1.66817,2.71563
3850,5575.72,-4065.06,-1344,4.68443,5.12813,4.36027
3860,7099.69,-388.089,1364.55,0.289597,6.69378,4.36703
3870,6048.71,3471.91,3604.82,-3.53878,5.84455,2.94862
3880,3214.83,6370.1,4820.56,-5.60811,3.70663,1.10193
3890,-367.024,7873.19,4968.65,-6.11245,1.31434,-0.551312
3900,-3906.36,7992.79,4236.8,-5.54027,-0.860472,-1.81866
3910,-6873.5,6917.73,2867.55,-4.25162,-2.65265,-2.67585
3920,-8908.76,4899.69,1105.32,-2.46131,-3.9944,-3.12817
3930,-9753.2,2228.16,-804.014,-0.300871,-4.81626,-3.16095
3940,-9218.6,-751.895,-2595.08,2.11298,-4.99579,-2.72227
3950,-7204.48,-3597.19,-3959.51,4.58418,-4.32384,-1.72281
3960,-3791.42,-5712.97,-4533.49,6.66883,-2.51637,-0.0823726
3970,539.707,-6357.05,-3951,7.44588,0.562673,2.07406
3980,4635.56,-4914.42,-2083,5.72739,4.20424,4.01659
3990,6921.11,-1585.21,578.656,1.64646,6.50556,4.55278
4000,6591.26,2374.83,3041.87,-2.56571,6.30295,3.44991
4010,4175.05,5640.43,4577.65,-5.17845,4.41458,1.63373
4020,719.117,7576.52,5019.75,-6.09593,2.02419,-0.112796
4030,-2898.01,8096.45,4515.5,-5.79696,-0.244393,-1.49942
4040,-6077.57,7354.36,3302.52,-4.69177,-2.16193,-2.47358
4050,-8418.53,5589.05,1627.35,-3.03358,-3.64553,-3.04054
4060,-9637.6,3078.75,-265.268,-0.9723,-4.63301,-3.19501
4070,-9527.08,148.614,-2117.95,1.37858,-5.02235,-2.89786
4080,-7955.95,-2793.05,-3637.82,3.85995,-4.6331,-2.07041
4090,-4935.18,-5201.67,-4477.85,6.12652,-3.19578,-0.620463
4100,-794.921,-6369.09,-4260.9,7.41954,-0.481024,1.42175
4110,3529.53,-5584.91,-2750.13,6.53746,3.15199,3.54472
4120,6499.03,-2727.13,-227.237,2.99785,6.07166,4.58861
4130,6945.58,1207.2,2395.53,-1.43615,6.60897,3.8952
4140,5045.16,4785.62,4241.1,-4.59518,5.08374,2.17775
4150,1793.14,7150.26,4992.4,-5.97335,2.74937,0.358924
4160,-1850.05,8086.29,4736.61,-5.98452,0.405392,-1.14531
4170,-5207.7,7699.47,3700.21,-5.0845,-1.63142,-2.2385
4180,-7829.86,6212.09,2131.57,-3.57059,-3.25215,-2.92041
4190,-9405.01,3892.01,275.932,-1.61709,-4.39669,-3.19335
4200,-9705.84,1047.96,-1614.93,0.658598,-4.97988,-3.03033
4210,-8576.27,-1941.56,-3261.35,3.1219,-4.84836,-2.36488
4220,-5973.46,-4578.55,-4334,5.504,-3.75662,-1.10345
4230,-2105.42,-6200.97,-4458.15,7.19649,-1.43126,0.784904
4240,2302.38,-6059.12,-3325.78,7.08816,2.03645,2.97833
4250,5841.42,-3769.89,-1025.55,4.26571,5.40179,4.46301
4260,7085.71,0.0828335,1678.02,-0.17717,6.72286,4.25457
4270,5796.64,3814.94,3809.65,-3.84761,5.68605,2.7201
4280,2834.9,6592.42,4880.89,-5.73055,3.47889,0.861093
4290,-775.544,7956.41,4894,-6.0937,1.08553,-0.755781
4300,-4272.72,7945.96,4054.95,-5.42468,-1.06239,-1.96989
4310,-7149.29,6760.95,2612.49,-4.06944,-2.81584,-2.76793
4320,-9060.48,4658.69,813.673,-2.23282,-4.11046,-3.15735